Town,x,y
Wyckoff,41.010198,-74.168009